{"frames":{"forward_walk2":{"frame":{"x":0,"y":704,"w":64,"h":64},"rotated":false,"trimmed":false,"spriteSourceSize":{"x":0,"y":0,"w":64,"h":64},"sourceSize":{"w":64,"h":64}},"forward_walk3":{"frame":{"x":256,"y":704,"w":64,"h":64},"rotated":false,"trimmed":false,"spriteSourceSize":{"x":0,"y":0,"w":64,"h":64},"sourceSize":{"w":64,"h":64}},"forward_walk4":{"frame":{"x":64,"y":704,"w":64,"h":64},"rotated":false,"trimmed":false,"spriteSourceSize":{"x":0,"y":0,"w":64,"h":64},"sourceSize":{"w":64,"h":64}},"forward_walk5":{"frame":{"x":448,"y":704,"w":64,"h":64},"rotated":false,"trimmed":false,"spriteSourceSize":{"x":0,"y":0,"w":64,"h":64},"sourceSize":{"w":64,"h":64}},"mid_attack1":{"frame":{"x":0,"y":1472,"w":1024,"h":704},"rotated":false,"trimmed":false,"spriteSourceSize":{"x":0,"y":0,"w":1024,"h":704},"sourceSize":{"w":1024,"h":704}},"mid_attack2":{"frame":{"x":1024,"y":0,"w":1024,"h":704},"rotated":false,"trimmed":false,"spriteSourceSize":{"x":0,"y":0,"w":1024,"h":704},"sourceSize":{"w":1024,"h":704}},"mid_attack3":{"frame":{"x":0,"y":2176,"w":1024,"h":704},"rotated":false,"trimmed":false,"spriteSourceSize":{"x":0,"y":0,"w":1024,"h":704},"sourceSize":{"w":1024,"h":704}},"mid_attack4":{"frame":{"x":0,"y":768,"w":1024,"h":704},"rotated":false,"trimmed":false,"spriteSourceSize":{"x":0,"y":0,"w":1024,"h":704},"sourceSize":{"w":1024,"h":704}},"skelly_boss_sweep1":{"frame":{"x":1024,"y":1472,"w":1024,"h":704},"rotated":false,"trimmed":false,"spriteSourceSize":{"x":0,"y":0,"w":1024,"h":704},"sourceSize":{"w":1024,"h":704}},"skelly_boss_sweep2":{"frame":{"x":0,"y":0,"w":1024,"h":704},"rotated":false,"trimmed":false,"spriteSourceSize":{"x":0,"y":0,"w":1024,"h":704},"sourceSize":{"w":1024,"h":704}},"skelly_boss_sweep3":{"frame":{"x":1024,"y":704,"w":1024,"h":704},"rotated":false,"trimmed":false,"spriteSourceSize":{"x":0,"y":0,"w":1024,"h":704},"sourceSize":{"w":1024,"h":704}},"skelly_boss_sweep4":{"frame":{"x":1024,"y":2176,"w":1024,"h":704},"rotated":false,"trimmed":false,"spriteSourceSize":{"x":0,"y":0,"w":1024,"h":704},"sourceSize":{"w":1024,"h":704}},"forward_attack1":{"frame":{"x":384,"y":704,"w":64,"h":64},"rotated":false,"trimmed":false,"spriteSourceSize":{"x":0,"y":0,"w":64,"h":64},"sourceSize":{"w":64,"h":64}},"forward_attack2":{"frame":{"x":512,"y":704,"w":64,"h":64},"rotated":false,"trimmed":false,"spriteSourceSize":{"x":0,"y":0,"w":64,"h":64},"sourceSize":{"w":64,"h":64}},"forward_attack3":{"frame":{"x":320,"y":704,"w":64,"h":64},"rotated":false,"trimmed":false,"spriteSourceSize":{"x":0,"y":0,"w":64,"h":64},"sourceSize":{"w":64,"h":64}},"forward_attack4":{"frame":{"x":128,"y":704,"w":64,"h":64},"rotated":false,"trimmed":false,"spriteSourceSize":{"x":0,"y":0,"w":64,"h":64},"sourceSize":{"w":64,"h":64}},"forward_walk1":{"frame":{"x":192,"y":704,"w":64,"h":64},"rotated":false,"trimmed":false,"spriteSourceSize":{"x":0,"y":0,"w":64,"h":64},"sourceSize":{"w":64,"h":64}}},"meta":{"app":"https://www.leshylabs.com/apps/sstool/","version":"Leshy SpriteSheet Tool v0.8.4","image":"enemies.png","size":{"w":2048,"h":2880},"scale":1}}