{"frames":{"missle_explode1":{"frame":{"x":0,"y":0,"w":128,"h":128},"rotated":false,"trimmed":false,"spriteSourceSize":{"x":0,"y":0,"w":128,"h":128},"sourceSize":{"w":128,"h":128}},"missle_explode2":{"frame":{"x":0,"y":128,"w":128,"h":128},"rotated":false,"trimmed":false,"spriteSourceSize":{"x":0,"y":0,"w":128,"h":128},"sourceSize":{"w":128,"h":128}},"missle_explode3":{"frame":{"x":128,"y":0,"w":128,"h":128},"rotated":false,"trimmed":false,"spriteSourceSize":{"x":0,"y":0,"w":128,"h":128},"sourceSize":{"w":128,"h":128}},"missle_explode4":{"frame":{"x":128,"y":128,"w":128,"h":128},"rotated":false,"trimmed":false,"spriteSourceSize":{"x":0,"y":0,"w":128,"h":128},"sourceSize":{"w":128,"h":128}},"missle_explode5":{"frame":{"x":0,"y":256,"w":128,"h":128},"rotated":false,"trimmed":false,"spriteSourceSize":{"x":0,"y":0,"w":128,"h":128},"sourceSize":{"w":128,"h":128}},"power_punch1":{"frame":{"x":128,"y":256,"w":32,"h":32},"rotated":false,"trimmed":false,"spriteSourceSize":{"x":0,"y":0,"w":32,"h":32},"sourceSize":{"w":32,"h":32}},"power_punch2":{"frame":{"x":128,"y":288,"w":32,"h":32},"rotated":false,"trimmed":false,"spriteSourceSize":{"x":0,"y":0,"w":32,"h":32},"sourceSize":{"w":32,"h":32}},"power_punch3":{"frame":{"x":128,"y":320,"w":32,"h":32},"rotated":false,"trimmed":false,"spriteSourceSize":{"x":0,"y":0,"w":32,"h":32},"sourceSize":{"w":32,"h":32}},"power_punch4":{"frame":{"x":128,"y":352,"w":32,"h":32},"rotated":false,"trimmed":false,"spriteSourceSize":{"x":0,"y":0,"w":32,"h":32},"sourceSize":{"w":32,"h":32}}},"meta":{"app":"https://www.leshylabs.com/apps/sstool/","version":"Leshy SpriteSheet Tool v0.8.4","image":"attacks.png","size":{"w":256,"h":384},"scale":1}}