{"frames":{"dread_eyes_stones13":{"frame":{"x":864,"y":640,"w":64,"h":64},"rotated":false,"trimmed":false,"spriteSourceSize":{"x":0,"y":0,"w":64,"h":64},"sourceSize":{"w":64,"h":64}},"dread_eyes_stones14":{"frame":{"x":864,"y":704,"w":64,"h":64},"rotated":false,"trimmed":false,"spriteSourceSize":{"x":0,"y":0,"w":64,"h":64},"sourceSize":{"w":64,"h":64}},"dread_eyes_stones15":{"frame":{"x":864,"y":768,"w":64,"h":64},"rotated":false,"trimmed":false,"spriteSourceSize":{"x":0,"y":0,"w":64,"h":64},"sourceSize":{"w":64,"h":64}},"health_orb":{"frame":{"x":256,"y":960,"w":40,"h":40},"rotated":false,"trimmed":false,"spriteSourceSize":{"x":0,"y":0,"w":40,"h":40},"sourceSize":{"w":40,"h":40}},"portal":{"frame":{"x":864,"y":832,"w":64,"h":64},"rotated":false,"trimmed":false,"spriteSourceSize":{"x":0,"y":0,"w":64,"h":64},"sourceSize":{"w":64,"h":64}},"distortion_fog1":{"frame":{"x":928,"y":832,"w":64,"h":64},"rotated":false,"trimmed":false,"spriteSourceSize":{"x":0,"y":0,"w":64,"h":64},"sourceSize":{"w":64,"h":64}},"distortion_fog2":{"frame":{"x":928,"y":768,"w":64,"h":64},"rotated":false,"trimmed":false,"spriteSourceSize":{"x":0,"y":0,"w":64,"h":64},"sourceSize":{"w":64,"h":64}},"distortion_fog3":{"frame":{"x":928,"y":704,"w":64,"h":64},"rotated":false,"trimmed":false,"spriteSourceSize":{"x":0,"y":0,"w":64,"h":64},"sourceSize":{"w":64,"h":64}},"distortion_fog4":{"frame":{"x":928,"y":640,"w":64,"h":64},"rotated":false,"trimmed":false,"spriteSourceSize":{"x":0,"y":0,"w":64,"h":64},"sourceSize":{"w":64,"h":64}},"distortion_fog5":{"frame":{"x":0,"y":896,"w":64,"h":64},"rotated":false,"trimmed":false,"spriteSourceSize":{"x":0,"y":0,"w":64,"h":64},"sourceSize":{"w":64,"h":64}},"distortion_fog6":{"frame":{"x":64,"y":896,"w":64,"h":64},"rotated":false,"trimmed":false,"spriteSourceSize":{"x":0,"y":0,"w":64,"h":64},"sourceSize":{"w":64,"h":64}},"dread_eyes_laser1":{"frame":{"x":0,"y":0,"w":96,"h":448},"rotated":false,"trimmed":false,"spriteSourceSize":{"x":0,"y":0,"w":96,"h":448},"sourceSize":{"w":96,"h":448}},"dread_eyes_laser2":{"frame":{"x":96,"y":0,"w":96,"h":448},"rotated":false,"trimmed":false,"spriteSourceSize":{"x":0,"y":0,"w":96,"h":448},"sourceSize":{"w":96,"h":448}},"dread_eyes_laser3":{"frame":{"x":192,"y":0,"w":96,"h":448},"rotated":false,"trimmed":false,"spriteSourceSize":{"x":0,"y":0,"w":96,"h":448},"sourceSize":{"w":96,"h":448}},"dread_eyes_laser4":{"frame":{"x":288,"y":0,"w":96,"h":448},"rotated":false,"trimmed":false,"spriteSourceSize":{"x":0,"y":0,"w":96,"h":448},"sourceSize":{"w":96,"h":448}},"dread_eyes_laser5":{"frame":{"x":384,"y":0,"w":96,"h":448},"rotated":false,"trimmed":false,"spriteSourceSize":{"x":0,"y":0,"w":96,"h":448},"sourceSize":{"w":96,"h":448}},"dread_eyes_laser6":{"frame":{"x":480,"y":0,"w":96,"h":448},"rotated":false,"trimmed":false,"spriteSourceSize":{"x":0,"y":0,"w":96,"h":448},"sourceSize":{"w":96,"h":448}},"dread_eyes_laser7":{"frame":{"x":576,"y":0,"w":96,"h":448},"rotated":false,"trimmed":false,"spriteSourceSize":{"x":0,"y":0,"w":96,"h":448},"sourceSize":{"w":96,"h":448}},"dread_eyes_laser8":{"frame":{"x":672,"y":0,"w":96,"h":448},"rotated":false,"trimmed":false,"spriteSourceSize":{"x":0,"y":0,"w":96,"h":448},"sourceSize":{"w":96,"h":448}},"dread_eyes_laser9":{"frame":{"x":768,"y":0,"w":96,"h":448},"rotated":false,"trimmed":false,"spriteSourceSize":{"x":0,"y":0,"w":96,"h":448},"sourceSize":{"w":96,"h":448}},"dread_eyes_laser10":{"frame":{"x":0,"y":448,"w":96,"h":448},"rotated":false,"trimmed":false,"spriteSourceSize":{"x":0,"y":0,"w":96,"h":448},"sourceSize":{"w":96,"h":448}},"dread_eyes_laser11":{"frame":{"x":96,"y":448,"w":96,"h":448},"rotated":false,"trimmed":false,"spriteSourceSize":{"x":0,"y":0,"w":96,"h":448},"sourceSize":{"w":96,"h":448}},"dread_eyes_laser12":{"frame":{"x":192,"y":448,"w":96,"h":448},"rotated":false,"trimmed":false,"spriteSourceSize":{"x":0,"y":0,"w":96,"h":448},"sourceSize":{"w":96,"h":448}},"dread_eyes_laser13":{"frame":{"x":288,"y":448,"w":96,"h":448},"rotated":false,"trimmed":false,"spriteSourceSize":{"x":0,"y":0,"w":96,"h":448},"sourceSize":{"w":96,"h":448}},"dread_eyes_laser14":{"frame":{"x":384,"y":448,"w":96,"h":448},"rotated":false,"trimmed":false,"spriteSourceSize":{"x":0,"y":0,"w":96,"h":448},"sourceSize":{"w":96,"h":448}},"dread_eyes_laser15":{"frame":{"x":480,"y":448,"w":96,"h":448},"rotated":false,"trimmed":false,"spriteSourceSize":{"x":0,"y":0,"w":96,"h":448},"sourceSize":{"w":96,"h":448}},"dread_eyes_laser16":{"frame":{"x":576,"y":448,"w":96,"h":448},"rotated":false,"trimmed":false,"spriteSourceSize":{"x":0,"y":0,"w":96,"h":448},"sourceSize":{"w":96,"h":448}},"dread_eyes_laser17":{"frame":{"x":672,"y":448,"w":96,"h":448},"rotated":false,"trimmed":false,"spriteSourceSize":{"x":0,"y":0,"w":96,"h":448},"sourceSize":{"w":96,"h":448}},"dread_eyes_laser18":{"frame":{"x":768,"y":448,"w":96,"h":448},"rotated":false,"trimmed":false,"spriteSourceSize":{"x":0,"y":0,"w":96,"h":448},"sourceSize":{"w":96,"h":448}},"dread_eyes_projectile1":{"frame":{"x":128,"y":896,"w":64,"h":64},"rotated":false,"trimmed":false,"spriteSourceSize":{"x":0,"y":0,"w":64,"h":64},"sourceSize":{"w":64,"h":64}},"dread_eyes_projectile2":{"frame":{"x":192,"y":896,"w":64,"h":64},"rotated":false,"trimmed":false,"spriteSourceSize":{"x":0,"y":0,"w":64,"h":64},"sourceSize":{"w":64,"h":64}},"dread_eyes_projectile3":{"frame":{"x":256,"y":896,"w":64,"h":64},"rotated":false,"trimmed":false,"spriteSourceSize":{"x":0,"y":0,"w":64,"h":64},"sourceSize":{"w":64,"h":64}},"dread_eyes_projectile4":{"frame":{"x":320,"y":896,"w":64,"h":64},"rotated":false,"trimmed":false,"spriteSourceSize":{"x":0,"y":0,"w":64,"h":64},"sourceSize":{"w":64,"h":64}},"dread_eyes_projectile5":{"frame":{"x":384,"y":896,"w":64,"h":64},"rotated":false,"trimmed":false,"spriteSourceSize":{"x":0,"y":0,"w":64,"h":64},"sourceSize":{"w":64,"h":64}},"dread_eyes_stones1":{"frame":{"x":448,"y":896,"w":64,"h":64},"rotated":false,"trimmed":false,"spriteSourceSize":{"x":0,"y":0,"w":64,"h":64},"sourceSize":{"w":64,"h":64}},"dread_eyes_stones2":{"frame":{"x":512,"y":896,"w":64,"h":64},"rotated":false,"trimmed":false,"spriteSourceSize":{"x":0,"y":0,"w":64,"h":64},"sourceSize":{"w":64,"h":64}},"dread_eyes_stones3":{"frame":{"x":576,"y":896,"w":64,"h":64},"rotated":false,"trimmed":false,"spriteSourceSize":{"x":0,"y":0,"w":64,"h":64},"sourceSize":{"w":64,"h":64}},"dread_eyes_stones4":{"frame":{"x":640,"y":896,"w":64,"h":64},"rotated":false,"trimmed":false,"spriteSourceSize":{"x":0,"y":0,"w":64,"h":64},"sourceSize":{"w":64,"h":64}},"dread_eyes_stones5":{"frame":{"x":704,"y":896,"w":64,"h":64},"rotated":false,"trimmed":false,"spriteSourceSize":{"x":0,"y":0,"w":64,"h":64},"sourceSize":{"w":64,"h":64}},"dread_eyes_stones6":{"frame":{"x":768,"y":896,"w":64,"h":64},"rotated":false,"trimmed":false,"spriteSourceSize":{"x":0,"y":0,"w":64,"h":64},"sourceSize":{"w":64,"h":64}},"dread_eyes_stones7":{"frame":{"x":832,"y":896,"w":64,"h":64},"rotated":false,"trimmed":false,"spriteSourceSize":{"x":0,"y":0,"w":64,"h":64},"sourceSize":{"w":64,"h":64}},"dread_eyes_stones8":{"frame":{"x":896,"y":896,"w":64,"h":64},"rotated":false,"trimmed":false,"spriteSourceSize":{"x":0,"y":0,"w":64,"h":64},"sourceSize":{"w":64,"h":64}},"dread_eyes_stones9":{"frame":{"x":0,"y":960,"w":64,"h":64},"rotated":false,"trimmed":false,"spriteSourceSize":{"x":0,"y":0,"w":64,"h":64},"sourceSize":{"w":64,"h":64}},"dread_eyes_stones10":{"frame":{"x":64,"y":960,"w":64,"h":64},"rotated":false,"trimmed":false,"spriteSourceSize":{"x":0,"y":0,"w":64,"h":64},"sourceSize":{"w":64,"h":64}},"dread_eyes_stones11":{"frame":{"x":128,"y":960,"w":64,"h":64},"rotated":false,"trimmed":false,"spriteSourceSize":{"x":0,"y":0,"w":64,"h":64},"sourceSize":{"w":64,"h":64}},"dread_eyes_stones12":{"frame":{"x":192,"y":960,"w":64,"h":64},"rotated":false,"trimmed":false,"spriteSourceSize":{"x":0,"y":0,"w":64,"h":64},"sourceSize":{"w":64,"h":64}},"spit_projectile":{"frame":{"x":296,"y":960,"w":32,"h":32},"rotated":false,"trimmed":false,"spriteSourceSize":{"x":0,"y":0,"w":32,"h":32},"sourceSize":{"w":32,"h":32}},"missle_explode1":{"frame":{"x":864,"y":0,"w":128,"h":128},"rotated":false,"trimmed":false,"spriteSourceSize":{"x":0,"y":0,"w":128,"h":128},"sourceSize":{"w":128,"h":128}},"missle_explode2":{"frame":{"x":864,"y":128,"w":128,"h":128},"rotated":false,"trimmed":false,"spriteSourceSize":{"x":0,"y":0,"w":128,"h":128},"sourceSize":{"w":128,"h":128}},"missle_explode3":{"frame":{"x":864,"y":256,"w":128,"h":128},"rotated":false,"trimmed":false,"spriteSourceSize":{"x":0,"y":0,"w":128,"h":128},"sourceSize":{"w":128,"h":128}},"missle_explode4":{"frame":{"x":864,"y":384,"w":128,"h":128},"rotated":false,"trimmed":false,"spriteSourceSize":{"x":0,"y":0,"w":128,"h":128},"sourceSize":{"w":128,"h":128}},"missle_explode5":{"frame":{"x":864,"y":512,"w":128,"h":128},"rotated":false,"trimmed":false,"spriteSourceSize":{"x":0,"y":0,"w":128,"h":128},"sourceSize":{"w":128,"h":128}},"power_punch1":{"frame":{"x":328,"y":960,"w":32,"h":32},"rotated":false,"trimmed":false,"spriteSourceSize":{"x":0,"y":0,"w":32,"h":32},"sourceSize":{"w":32,"h":32}},"power_punch2":{"frame":{"x":360,"y":960,"w":32,"h":32},"rotated":false,"trimmed":false,"spriteSourceSize":{"x":0,"y":0,"w":32,"h":32},"sourceSize":{"w":32,"h":32}},"power_punch3":{"frame":{"x":392,"y":960,"w":32,"h":32},"rotated":false,"trimmed":false,"spriteSourceSize":{"x":0,"y":0,"w":32,"h":32},"sourceSize":{"w":32,"h":32}},"power_punch4":{"frame":{"x":424,"y":960,"w":32,"h":32},"rotated":false,"trimmed":false,"spriteSourceSize":{"x":0,"y":0,"w":32,"h":32},"sourceSize":{"w":32,"h":32}}},"meta":{"app":"https://www.leshylabs.com/apps/sstool/","version":"Leshy SpriteSheet Tool v0.8.4","image":"attacks.png","size":{"w":992,"h":1024},"scale":1}}