{"frames":{"Dash_Icon":{"frame":{"x":0,"y":0,"w":50,"h":50},"rotated":false,"trimmed":false,"spriteSourceSize":{"x":0,"y":0,"w":50,"h":50},"sourceSize":{"w":50,"h":50}},"Health_Bar":{"frame":{"x":0,"y":102,"w":200,"h":30},"rotated":false,"trimmed":false,"spriteSourceSize":{"x":0,"y":0,"w":200,"h":30},"sourceSize":{"w":200,"h":30}},"Health_Bar_Outline":{"frame":{"x":0,"y":133,"w":200,"h":30},"rotated":false,"trimmed":false,"spriteSourceSize":{"x":0,"y":0,"w":200,"h":30},"sourceSize":{"w":200,"h":30}},"Magic_Missile_Icon":{"frame":{"x":0,"y":51,"w":50,"h":50},"rotated":false,"trimmed":false,"spriteSourceSize":{"x":0,"y":0,"w":50,"h":50},"sourceSize":{"w":50,"h":50}},"Punch_Icon":{"frame":{"x":51,"y":0,"w":50,"h":50},"rotated":false,"trimmed":false,"spriteSourceSize":{"x":0,"y":0,"w":50,"h":50},"sourceSize":{"w":50,"h":50}},"Volume_Bar":{"frame":{"x":102,"y":0,"w":50,"h":100},"rotated":false,"trimmed":false,"spriteSourceSize":{"x":0,"y":0,"w":50,"h":100},"sourceSize":{"w":50,"h":100}},"Volume_bar_Slider":{"frame":{"x":153,"y":0,"w":10,"h":64},"rotated":false,"trimmed":false,"spriteSourceSize":{"x":0,"y":0,"w":10,"h":64},"sourceSize":{"w":10,"h":64}},"Volume_Knob":{"frame":{"x":51,"y":51,"w":30,"h":10},"rotated":false,"trimmed":false,"spriteSourceSize":{"x":0,"y":0,"w":30,"h":10},"sourceSize":{"w":30,"h":10}}},"meta":{"app":"https://www.leshylabs.com/apps/sstool/","version":"Leshy SpriteSheet Tool v0.8.4","image":"UI_Package_v2.png","size":{"w":200,"h":163},"scale":1}}